公司代號,公司名稱,當月營收,上月營收,去年當月營收,上月比較增減(%),去年同月增減(%),當月累計營收,去年累計營收,前期比較增減(%),備註
1108,幸福,357039,345563,357162,3.32,-0.03,1748555,1866080,-6.29,-
1220,台榮,254687,262030,203469,-2.8,25.17,1225477,1020681,20.06,-
1225,福懋油,1114265,1020599,809957,9.17,37.57,5230403,4187259,24.91,-
1233,天仁,134815,141150,149497,-4.48,-9.82,758636,761846,-0.42,-
1235,興泰,1066,1112,1915,-4.13,-44.33,5999,8020,-25.19,-
1236,宏亞,98044,100156,66599,-2.1,47.21,738812,606340,21.84,-
1256,鮮活果汁-KY,409708,407552,318600,0.52,28.59,1811260,911167,98.78,109年受新冠疫情影響，出貨較少
1737,臺鹽,362608,309644,249085,17.1,45.57,1462337,1237913,18.12,-
1301,台塑,24347789,24367037,13455462,-0.07,80.95,109316763,70226720,55.66,去年5月受疫情影響，需求與產品價格下跌，今年全球疫情趨緩，需求及產品價格回升，因此今年5月合併營收較去年同期增加80.95%。
1303,南亞,34484715,34904534,19418507,-1.2,77.58,159099939,105387094,50.96,去年5月新冠肺炎疫情擴散，由亞洲進而蔓延至歐美，重創全球經濟活動，而今年5月公司營運良好，故相較之下差異較大。
1304,台聚,5665595,6028023,3401050,-6.01,66.58,27889794,18262779,52.71,因市場環境影響銷售量價皆優於去年同期，故營收增加。
1305,華夏,1397334,1493823,620635,-6.45,125.14,7869841,4929756,59.63,109年第二季全球爆發第一波新冠肺炎疫情，致需求驟降，今年因部分PVC大廠受疫情、歲修或天災而減產，後疫情需求恢復。
1307,三芳,604961,697674,418689,-13.28,44.48,3891725,3638763,6.95,-
1308,亞聚,740520,800995,473355,-7.54,56.44,3394207,2220600,52.85,產品平均售價較去年同期提高所致
1309,台達化,1827110,1876788,1137515,-2.64,60.62,8239579,5247845,57.0,持續強化銷售量，銷售量較去年同期增加，且售價優於去年，故營業收入較去年同期增加。
1310,台苯,1216202,1126664,604350,7.94,101.24,4480573,2893597,54.84,5月份營收較去年同期增加101.24%，SM合約售價格較去年同期上升約107%，銷量也較去年同期呈增長。
1312,國喬,2029279,1949387,1169189,4.09,73.56,9213798,5878537,56.73,係因主要產品之數量及價格均較去年成長
1313,聯成,6407063,7594888,4110055,-15.63,55.88,31020638,16954840,82.96,產品價格較去年同期增加。
1324,地球,97182,83533,80291,16.33,21.03,432603,446579,-3.12,-
1326,台化,32135688,33047596,18011412,-2.75,78.41,149337535,100589733,48.46,比較去年同時疫情影響較緩和，下游需求消費動能提升，致行情上漲，客戶採購動能穩定，開動率提高產銷量增加。
1337,再生-KY,111075,108468,66816,2.4,66.24,484486,316485,53.08,主係本期中國境內對新冠肺炎疫情管控得當，相關產業及商業活動已回復疫情爆發前景況，為營收較去年同期增長之主要因素。
1340,勝悅-KY,54400,53832,51258,1.05,6.12,227692,201484,13.0,-
1341,富林-KY,251222,222207,152911,13.05,64.29,1231683,992731,24.07,5月較去年增加，因去年自4月起受COVID-19影響各國陸續停工，影響公司出貨。今年疫情控制得宜，出貨量增加。
1413,宏洲,256345,249530,101981,2.73,151.36,1125983,648426,73.64,因去年疫情關係基期低
1414,東和,62640,68982,32832,-9.19,90.78,334561,293819,13.86,去年同期受疫情影響，出貨量減少
1423,利華,16819,17732,18695,-5.14,-10.03,88471,91860,-3.68,-
1434,福懋,2935975,3090691,2025420,-5.0,44.95,14186583,13003255,9.1,-
1439,中和,8858,5984,8281,48.02,6.96,37367,61169,-38.91,-
1440,南紡,1592547,1891812,1173545,-15.81,35.7,8817464,7247818,21.65,-
1441,大東,147229,113161,112609,30.1,30.74,632414,688804,-8.18,-
1444,力麗,849439,771799,463133,10.05,83.41,3823543,3520403,8.61,去年同期受新型冠狀病毒疫情影響以致於營收衰退，今年營運逐漸恢復正常。
1445,大宇,96775,95403,56628,1.43,70.89,460746,427507,7.77,訂單增加營業額成長
1447,力鵬,2263198,1910183,674463,18.48,235.55,10051727,4217777,138.31,因新增子公司貿易營收
1449,佳和,250156,251070,227360,-0.36,10.02,1090679,733496,48.69,-
1451,年興,596702,572110,307953,4.29,93.76,2906550,2322211,25.16,去年為控制新冠肺炎疫情，賴索托及墨西哥產區分別於109/3/29~109/5/5及109/4/5~109/6/15期間配合當地政府政策暫時停工。
1452,宏益,165986,162389,50251,2.21,230.31,841736,452227,86.13,去年同期受新冠肺炎疫情影響，營收大幅減少。
1454,台富,127550,127762,79555,-0.16,60.32,622317,570391,9.1,去年同期受新冠肺炎疫情影響，營收偏低
1455,集盛,934445,886296,396217,5.43,135.84,4184019,2925220,43.03,因去年度受疫情影響，營收過度萎縮，致基期較低，本年景氣已回穩。
1457,宜進,374574,371454,150806,0.83,148.38,1682653,1201697,40.02,"109年因台南廠停止生產及疫情影響,致營業額大幅降低,今年已恢復正常。"
1459,聯發,193385,221026,77458,-12.5,149.66,1087323,723937,50.19,去年同期受新型冠狀病毒疫情影響，致去年同期營業收入大幅減少。
1460,宏遠,744338,740461,369740,0.52,101.31,3626953,2580285,40.56,109年因疫情影響造成營收減少
1463,強盛,41311,45616,18763,-9.43,120.17,193875,251545,-22.92,去年同期因受疫情影響營業額較本年度同期減少.
1464,得力,873158,857655,451265,1.8,93.49,4159692,3510359,18.49,去年度受疫情影響故營收大幅衰退。
1468,昶和,101263,118037,78376,-14.21,29.2,459771,432703,6.25,-
1470,大統新創,73372,76700,22179,-4.33,230.81,351801,268003,31.26,"2020年Q2受COVID-19疫情影響,出貨量銳減,造成兩年度明顯差異"
1474,弘裕,273149,265400,194160,2.91,40.68,1328079,1062778,24.96,-
1476,儒鴻,3404550,3158046,2039347,7.8,66.94,14782072,9541191,54.92,主係全球經濟逐漸復甦，致業績成長。
1477,聚陽,1560469,2345903,1438613,-33.48,8.47,10723171,8702559,23.21,-
4438,廣越,1337459,625008,1131464,113.99,18.2,3531698,3452093,2.3,-
4439,冠星-KY,649910,553776,257765,17.35,152.13,2711240,2158699,25.59,去年同期受疫情影響致營收下降
1506,正道,81044,67722,77081,19.67,5.14,404332,369824,9.33,-
1513,中興電,1043468,1678387,1099407,-37.82,-5.08,7404568,5353686,38.3,-
1514,亞力,452007,386044,435413,17.08,3.81,2068505,2078153,-0.46,-
1515,力山,1497563,1471519,643187,1.76,132.83,7007897,2556220,174.15,客戶銷售狀況好增加採購量
1527,鑽全,443928,335787,285485,32.2,55.49,1892497,1410208,34.19,國外市場需求增加
1529,樂士,13803,20595,8648,-32.97,59.6,64779,252444,-74.33,"本年迄今因太陽能工程案量少,致營收較去年同期減少"
1530,亞崴,311606,311109,275918,0.15,12.93,1426702,1156882,23.32,-
1531,高林股,213474,260585,99468,-18.07,114.61,1098256,581481,88.87,去年逢大陸爆發疫情並漫延全世界影響，業績衰退，比較基期低所致。
1535,中宇,660989,640253,650920,3.23,1.54,3475198,3289360,5.64,-
1537,廣隆,644513,611767,595517,5.35,8.22,2952238,2804899,5.25,-
1538,正峰,28609,18568,21988,54.07,30.11,108452,105384,2.91,-
1539,巨庭,272787,243445,168045,12.05,62.32,1131610,780914,44.9,國外市場需求增加
1540,喬福,36859,42144,9169,-12.54,301.99,197607,114642,72.36,出口回升
1558,伸興,643327,800381,413366,-19.62,55.63,3988929,2087552,91.08,"本月增加百分比達50%以上,係因歐美縫紉機需求增加"
1560,中砂,507991,480526,413221,5.71,22.93,2453254,2091412,17.3,-
1589,永冠-KY,678178,777036,701277,-12.72,-3.29,3600922,2543936,41.54,本年累計營收增加41.55%，主要係去年因為新冠疫情影響，公司大陸工廠停工致使基期較低所致。
1590,亞德客-KY,2233597,2426662,1682673,-7.95,32.74,10594135,6804232,55.69,本月營業收入換算匯率為4.3383030;本年累計營業收入換算匯率為4.3578128。
1597,直得,162123,161737,128609,0.23,26.05,742515,549474,35.13,-
2049,上銀,2369013,2236269,1861385,5.93,27.27,10596729,7222336,46.72,-
3167,大量,437884,428134,159356,2.27,174.78,1824021,660916,175.98,市場設備需求逐漸復甦所致
4532,瑞智,1970258,2222346,1590403,-11.34,23.88,10020611,7503817,33.54,-
4540,全球傳動,310702,268079,216908,15.89,43.24,1223598,1002414,22.06,-
4552,力達-KY,366149,325287,366767,12.56,-0.16,1588712,1219369,30.28,-
4555,氣立,186931,184820,150572,1.14,24.14,818316,601063,36.14,-
4562,穎漢,60754,66711,58340,-8.92,4.13,306073,265949,15.08,-
4564,元翎,211498,160262,159699,31.97,32.43,953666,809020,17.87,-
4566,時碩工業,342378,367012,189162,-6.71,80.99,1842081,1389984,32.52,主係去年同期疫情影響營收，本期逐步恢復。及工業應用商品營收持續成長所致。
4571,鈞興-KY,198983,211286,117504,-5.82,69.34,1136412,637632,78.22,客戶訂單增加
4576,大銀微系統,252284,265557,220983,-4.99,14.16,1212821,1011592,19.89,-
5288,豐祥-KY,483069,462703,312039,4.4,54.81,2263454,1723261,31.34,去年因疫情(COVID-19)影響，導致營收大幅滑落，而本期無此情形。
8222,寶一,25337,31271,26299,-18.97,-3.65,135958,237354,-42.71,-
8374,羅昇,348777,306808,235146,13.67,48.32,1533670,1137833,34.78,新產品開始貢獻營收，5月營收創3年來新高
8996,高力,186635,202151,150929,-7.67,23.65,892519,862673,3.45,-
1603,華電,161627,148748,107088,8.65,50.92,1048799,919800,14.02,"本公司產品為訂單式生產。營收增加主要係本期有交貨161KV電力電纜線，金額為63,713仟元。"
1604,聲寶,838750,683761,748297,22.66,12.08,3631081,3134407,15.84,-
1605,華新,12770540,12244761,7208866,4.29,77.15,53869678,44318021,21.55,主係本期銷售價、量均較去年同期增加所致
1608,華榮,880343,808397,769694,8.89,14.37,3938524,2981125,32.11,-
1611,中電,145031,147596,162147,-1.73,-10.55,753474,894434,-15.75,-
1612,宏泰,541426,496329,435517,9.08,24.31,2496903,1927600,29.53,-
1614,三洋電,613425,453266,575613,35.33,6.56,2388364,2153917,10.88,-
1615,大山,343992,885445,303998,-61.15,13.15,2016334,1170317,72.28,110年累計營收較去年同期累計營收成長72.29%。係110/3-5增加子公司營建收入所致。
1616,億泰,284397,204612,224775,38.99,26.52,1116213,1126920,-0.95,-
1618,合機,445601,176037,206328,153.12,115.96,1434108,841175,70.48,"110年5月業主通知交貨較多,致超高壓線及銅板等出貨量較去年同期增加。"
1626,艾美特-KY,1375276,1147031,1353286,19.89,1.62,5065839,4175539,21.32,-
4930,燦星網,928529,975530,662930,-4.81,40.06,4438430,2761655,60.71,"109/3/27董事會決議處分燦星國旅全數持股，109年第一季起將該公司轉列停業單位，合併營收109年5月累積扣除110,186仟元。"
5283,禾聯碩,705248,541955,550634,30.13,28.07,2540904,2178520,16.63,-
1708,東鹼,292402,415078,336406,-29.55,-13.08,1553910,1733342,-10.35,-
1711,永光,783261,793963,472568,-1.34,65.74,3858027,3299037,16.94,主要係去年同期受到新冠肺炎疫情之影響，各國紛紛採取鎖國及封城等措施，整體需求大幅下降，致使基期較低所致。
1713,國化,51729,47429,37539,9.06,37.8,233250,205600,13.44,-
1714,和桐,1622275,1732500,2098560,-6.36,-22.69,8203799,9705918,-15.47,-
1717,長興,4316922,4718326,2896092,-8.5,49.06,20237667,13700545,47.71,-
1718,中纖,2587885,2680593,2191961,-3.45,18.06,12975116,11881865,9.2,"備註	本月份自結異業別合併營收資訊,未經會計師簽證或核閱"
1721,三晃,230490,212536,211844,8.44,8.8,1169684,1279750,-8.6,-
1723,中碳,642982,649410,394598,-0.98,62.94,2961248,2326056,27.3,本月營收較去年同月增加幅度較大，主係因油價較去年同期大漲，帶動主要產品售價上漲，導致本月營收較去年同期增加。
1724,台硝,161593,206642,127422,-21.8,26.81,810865,723227,12.11,-
1725,元禎,931594,975515,531424,-4.5,75.3,4285734,2781226,54.09,本年度因油價回升及石油產業復甦，下游備料增加，故本月營收亦較去年同期成長。
1727,中華化,148585,157320,149425,-5.55,-0.56,740312,789738,-6.25,-
1773,勝一,945261,855267,580843,10.52,62.73,4094330,3219494,27.17,溶劑銷量較去年同期增加
1776,展宇,115808,136020,87440,-14.85,32.44,625740,566678,10.42,-
3708,上緯投控,862129,1163838,770123,-25.92,11.94,4651421,2631534,76.75,客戶訂單增加，帶動我司營收成長
4720,德淵,289020,303251,267049,-4.69,8.22,1424036,1125712,26.5,-
4722,國精化,348321,402600,279843,-13.48,24.47,1884475,1546190,21.87,-
4739,康普,621067,642018,395847,-3.26,56.89,2956215,2154734,37.19,本月營收較去年同期增加56.90%主係動力電池材料銷售增加
4755,三福化,336226,301878,267628,11.37,25.63,1607949,1463071,9.9,-
4763,材料-KY,219753,223355,181557,-1.61,21.03,1074408,857886,25.23,-
4766,南寶,1434501,1556128,1006512,-7.81,42.52,7283447,5913892,23.15,-
1598,岱宇,959845,1004666,819092,-4.46,17.18,5793035,3195884,81.26,各品牌產品與電商通路銷售持續暢旺
1701,中化,717855,647486,625512,10.86,14.76,3374154,3432262,-1.69,-
1707,葡萄王,920329,762506,776728,20.69,18.48,3655035,3458491,5.68,-
1720,生達,443535,390132,379591,13.68,16.84,1934772,1784344,8.43,-
1731,美吾華,99623,116540,71210,-14.51,39.9,524796,411001,27.68,美吾髮產品推陳出新深受消費者喜愛，擁有完整銷售通路，在電商和實體通路整合下，當月營收較去年同期大幅成長近40%。
1733,五鼎,170873,157667,173582,8.37,-1.56,904928,816397,10.84,-
1734,杏輝,202915,202986,207854,-0.03,-2.37,1024058,1030170,-0.59,-
1736,喬山,2035765,2259849,1837652,-9.91,10.78,11568309,9029967,28.11,-
1760,寶齡富錦,254243,99343,151948,155.92,67.32,727635,589663,23.39,主係新冠肺炎疫情，檢驗試劑及感控部門之產品，市場需求增加，致整體營收增加。
1783,和康生,43113,29919,37740,44.09,14.23,184041,170490,7.94,-
1786,科妍,42418,30424,25455,39.42,66.63,184072,163838,12.35,皮下填補劑、關節腔注射劑及可吸收防沾黏業務銷售增加。
1789,神隆,266566,234064,342981,13.88,-22.27,1141766,1237626,-7.74,-
3164,景岳,38054,28873,27084,31.79,40.5,170693,133635,27.73,-
4104,佳醫,556218,533199,534850,4.31,3.99,2716619,2811939,-3.38,-
4108,懷特,16292,19106,10347,-14.72,57.45,60572,29155,107.75,「癌因性疲憊症CRF」的處方新藥懷特血寶凍晶注射劑需求增強， 故當月業績較去年同期成長57.46%。
4119,旭富,67778,46551,284084,45.59,-76.14,437955,1343021,-67.39,因火災影響產線，目前廠內產能為0，租賃廠房產能貢獻仍有限
4133,亞諾法,47627,32203,38021,47.89,25.26,194158,172769,12.38,-
4137,麗豐-KY,429038,423691,305353,1.26,40.5,1960907,1262956,55.26,累計營收較去年同期增加超50%，係去年受新冠疫情影響。公司採取應變措施後，營收逐步恢復正常。
4142,國光生,17106,1977,6350,765.25,169.38,26014,378377,-93.12,營收增加主因為子公司銷售增加所致。
4155,訊映,126531,84995,104787,48.86,20.75,507471,585815,-13.37,-
4190,佐登-KY,219619,241004,216919,-8.87,1.24,1189927,946207,25.75,-
4737,華廣,126419,130341,119822,-3.0,5.5,720558,590755,21.97,-
4746,台耀,251523,294885,259968,-14.7,-3.24,1282687,1171490,9.49,-
6491,晶碩,443216,478344,292882,-7.34,51.32,2067357,1265379,63.37,因代工訂單增加，故業績提升
6541,泰福-KY,0,0,0,,,0,0,,本公司各類產品尚在研發階段，故目前無收入
1802,台玻,5151765,4954460,3149379,3.98,63.58,21776514,13143882,65.67,本年當月比去年同期增加50%以上係因去年COVID-19疫情影響所致
1809,中釉,189192,178576,84378,5.94,124.21,886477,699301,26.76,去年受新冠肺炎(COVID-19)疫情影響，主要銷售國家封城，無法出貨。
1817,凱撒衛,199880,205788,190548,-2.87,4.89,965860,865057,11.65,-
1904,正隆,3929849,3720469,2844762,5.62,38.14,17937105,15098137,18.8,-
1906,寶隆,33531,13997,86731,139.55,-61.33,128483,572677,-77.56,代理銷售工業用紙之噸數減少
1909,榮成,5212273,3813448,3237743,36.68,60.98,20178674,13096077,54.08,大陸工紙增加銷售量
2006,東和鋼鐵,4969569,5071187,3207382,-2.0,54.94,22908831,16282943,40.69,本公司受國際鋼價走揚及市場需求影響，銷售價格及數量均較為成長;子公司-東鋼越南自有品牌發酵後帶動訂單挹注，營收穩定成長。
2007,燁興,602404,552310,441230,9.06,36.52,2827308,2366812,19.45,-
2008,高興昌,130587,127751,67167,2.21,94.42,532003,338828,57.01,主要係本月銷售價格上揚
2009,第一銅,270259,242517,176158,11.43,53.41,1201926,920463,30.57,主係因半導體與汽車產業需求增加致出貨量增加及國際銅價上漲
2013,中鋼構,1180440,1083852,1082568,8.91,9.04,5802729,5343028,8.6,-
2014,中鴻,4551071,4011635,2336305,13.44,94.79,19393228,14972861,29.52,本月銷售量及售價皆較去年同月增加，致營業收入增加。
2015,豐興,3405947,2969908,2178457,14.68,56.34,14271529,10970547,30.08,主係景氣復甦，原物料上漲，銷售數量及價格分別較去年同期上漲21%及30%，使110年5月營業收入較去年同期大幅成長。
2017,官田鋼,369782,406409,218516,-9.01,69.22,1803965,1197478,50.64,鋼市行情上漲，價格提高
2020,美亞,564219,505460,428547,11.62,31.65,2433598,2028287,19.98,-
2022,聚亨,1237469,905818,654742,36.61,89.0,5116522,3462522,47.76,因新冠炎疫情影響，造成材料及貨櫃短缺、煤鐵礦原料價格高檔，市場搶料及缺料，促使鋼價不斷往上攀升，致使營收大幅提升
2023,燁輝,7556716,7040344,4193667,7.33,80.19,33274426,21019226,58.3,銷售量及售價皆明顯較去年同期提升所致
2027,大成鋼,8127299,8504918,3813270,-4.44,113.13,37653903,23769516,58.41,因美國市場需求暢旺所致
2028,威致,1168458,1002548,694878,16.54,68.15,4939778,3190661,54.81,景氣回升好轉，故營收增加
2030,彰源,1308810,1131432,835192,15.67,56.7,5419263,4111198,31.81,主要係歐美疫情趨緩及國內客戶需求增加所致
2031,新光鋼,1372935,1187740,682896,15.59,101.04,5795097,3562492,62.66,本月及本年累積營收較去年同期增加50%以上，主要係鋼鐵需求量增加及價格上漲所致。
2032,新鋼,350601,276624,262843,26.74,33.38,1486353,1233605,20.48,-
2033,佳大,78403,68627,58001,14.24,35.17,342592,311882,9.84,-
2034,允強,1440575,1268314,1004758,13.58,43.37,6100611,5688421,7.24,-
2069,運錩,1235547,975613,574928,26.64,114.9,4743253,2734448,73.46,主要係鋼鐵需求量增加及價格上漲所致。
3004,豐達科,107407,89725,115790,19.7,-7.23,528924,915429,-42.22,-
5538,東明-KY,1084626,1064577,792623,1.88,36.84,4622870,3187263,45.04,-
9958,世紀鋼,1045395,609554,373444,71.5,179.93,3319066,1917399,73.1,本月增加百分比達50%以上，主因風力事業陸續投產，影響收入較同期增加。
2101,南港,665562,629066,653096,5.8,1.9,3495703,3276472,6.69,"本公告係屬自結數,與會計師所出具之財報因匯率之故將存有略微差異,屆時請以財報為準."
2103,台橡,2815223,3011563,1680718,-6.51,67.5,14043597,10123838,38.71,109年受疫情影響營業額遽減，110年恢復正常
2105,正新,8450749,8748853,7365921,-3.4,14.72,44691289,33572899,33.11,無。
2107,厚生,246796,232755,214228,6.03,15.2,1413964,1346185,5.03,-
2108,南帝,2400094,2628840,978470,-8.7,145.29,11983062,4576072,161.86,主係銷售量值增加
2109,華豐,491349,445936,276875,10.18,77.46,2254236,1721555,30.94,因疫情因素，致使109年5月營收驟降。
2114,鑫永銓,167561,166373,132272,0.71,26.67,749320,641658,16.77,-
6582,申豐,982780,832321,365715,18.07,168.72,4113764,1635369,151.54,主係銷售單價調升
1319,東陽,1382944,1463614,1023551,-5.51,35.11,7364894,6836318,7.73,-
1338,廣華-KY,441840,557726,399029,-20.77,10.72,2774893,1830316,51.6,主要去年同期受疫情影響復工延緩
1524,耿鼎,165284,121778,109404,35.72,51.07,747471,750097,-0.35,去年同期受新冠肺炎疫情影響，營收大幅減少。
1533,車王電,257699,229800,150233,12.14,71.53,1059609,895487,18.32,「本期營收增加，係因電動巴士及汽車電子市場突破且穩定成長。」
1568,倉佑,120537,155613,104524,-22.54,15.31,746158,607002,22.92,-
1587,吉茂,195806,221466,105127,-11.58,86.25,951881,565870,68.21,公司接單狀況良好
2115,六暉-KY,279196,296464,124625,-5.82,124.02,1444032,851426,69.6,市場需求復甦及去年因肺炎疫情影響營收基期較低，故本年(月)營收較去年同期大幅成長。
2231,為升,362536,402870,210817,-10.01,71.96,1928150,1277456,50.93,因去年受疫情影響，故造成該差異。
2233,宇隆,291320,309068,155436,-5.74,87.42,1387463,901349,53.93,主係因新冠肺炎影響趨緩，客戶需求及訂單明顯回升。
2239,英利-KY,1744061,1866501,1668489,-6.55,4.52,8046064,7047426,14.17,-
2241,艾姆勒,86067,85375,61370,0.81,40.24,409213,344739,18.7,-
2250,IKKA-KY,291706,306118,229710,-4.7,26.98,1561318,1313726,18.84,-
2497,怡利電,178617,185709,101285,-3.81,76.35,881865,578381,52.47,109/5係因受新冠肺炎疫情影響，車廠停工，致營收大幅減少，110/5維持今年以來的出貨水平。
4551,智伸科,753440,758924,435998,-0.72,72.8,3774644,2478333,52.3,本月營收較去年同期增加，主要係汽車、運動及電子銷售成長所致。
4557,永新-KY,166069,159251,103399,4.28,60.6,731983,558597,31.03,營業收入增加60.61%，是去年同期美洲及東南亞市場受新冠肺炎影響.今年客戶補充庫存及卡鉗訂單增加影響.致營業收入大幅成長。
4581,光隆精密-KY,81931,81233,53827,0.85,52.21,394495,345616,14.14,2021年度全球新冠肺炎疫情較趨緩，中國、美國及歐洲等市場需求較2020年度增加
6288,聯嘉,288306,287847,123270,0.15,133.88,1559697,1130708,37.93,本公司去年同期營收減少，主要係因新冠狀肺炎疫情之影響，北美客戶暫時關閉其工廠，致使出貨遞延所致。
2302,麗正,65627,65856,36696,-0.34,78.83,296058,180686,63.85,系訂單需求增加
2303,聯電,17189070,16382058,14745577,4.92,16.57,80668140,72072613,11.92,-
2329,華泰,1406100,1368280,1190738,2.76,18.08,6563276,6050689,8.47,-
2337,旺宏,4006487,3810816,2835520,5.13,41.29,17444447,15679128,11.25,-
2338,光罩,492410,479967,356997,2.59,37.93,2248439,1816914,23.75,-
2344,華邦電,8207005,8304909,4273412,-1.17,92.04,37837272,20171004,87.58,本公司之子公司新唐科技109/9/1完成對日本Panasonic Corporation半導體相關事業之併購，自完成日起該事業併入本公司合併財報
2351,順德,909710,920273,683103,-1.14,33.17,4281777,3303555,29.61,-
2363,矽統,18289,16253,12878,12.52,42.01,85694,68058,25.91,-
2369,菱生,654970,651712,437315,0.49,49.77,3017462,2160951,39.63,-
2379,瑞昱,8576975,7811945,5725927,9.79,49.79,39729666,27187405,46.13,無
2408,南亞科,7604264,7394273,5549926,2.83,37.01,32729150,25588474,27.9,-
2434,統懋,11842,13600,11806,-12.92,0.3,59078,53987,9.43,-
2436,偉詮電,299224,270935,213510,10.44,40.14,1322751,924184,43.12,-
2441,超豐,1633148,1591489,1236702,2.61,32.05,7440235,5667823,31.27,-
2449,京元電子,2861258,2757602,2584325,3.75,10.71,13249750,12170298,8.86,-
2451,創見,1277428,1289337,831925,-0.92,53.55,6065386,4842602,25.25,去年同期受疫情影響，基期較低
2458,義隆,1661074,1712236,1225041,-2.98,35.59,7529131,4470310,68.42,居家辦公及授課市場需求增加
2481,強茂,1217899,1145856,858701,6.28,41.83,5493234,3870068,41.94,"本月營收淨額含二極體$1,205,660仟元及其他$18,869仟元，減銷退/折$6,630仟元。"
3006,晶豪科,2084866,2011711,978518,3.63,113.06,9068053,5865032,54.61,本期合併月營收相較於去年同期有所成長，主要係因市場需求較去年同期成長所致。
3014,聯陽,629088,576001,388006,9.21,62.13,2727037,1587686,71.76,因受疫情影響，公司產品需求增加。
3034,聯詠,11447855,11083873,6212160,3.28,84.28,48898243,29647548,64.93,市場需求提升以及公司積極擴展業務，致營收較去年同期成長。
3035,智原,559624,558416,432250,0.21,29.46,2653015,2064598,28.5,-
3054,立萬利,6038,3315,40789,82.14,-85.19,22904,179336,-87.22,本期無電子相關營收致本期營收較去年同期減少。
3094,聯傑,23490,29001,21719,-19.0,8.15,119941,95394,25.73,-
3189,景碩,2874588,2732110,2350465,5.21,22.29,12832684,10303984,24.54,-
3257,虹冠電,110053,108477,82398,1.45,33.56,497499,310321,60.31,客戶需求增加
3443,創意,1083197,1011945,930456,7.04,16.41,5407333,5178147,4.42,-
3450,聯鈞,610558,615756,549374,-0.84,11.13,2967870,2404532,23.42,-
3530,晶相光,355765,333001,174815,6.83,103.5,1612125,943954,70.78,因監控系列產品營收較去年同期大幅成長所致。
3532,台勝科,936864,956367,1037466,-2.03,-9.69,4846876,4987600,-2.82,-
3545,敦泰,1950433,1908675,746860,2.18,161.15,8208962,4599853,78.46,主力產品出貨提升
3588,通嘉,172462,165969,119420,3.91,44.41,767785,528714,45.21,-
3686,達能,18675,16531,6243,12.96,199.13,68285,39197,74.2,由於多晶矽原料供不應求，加上晶片製造商擔憂缺料的預期心態下，五月份現貨價格持續上漲，因此營收較去年同期業績大幅成長。
4919,新唐,3371012,3495440,1025400,-3.55,228.75,16938932,4104762,312.66,本公司109/09/01完成對日本Panasonic Corporation半導體相關事業之併購，自完成日起該事業併入本公司合併財務報告
4952,凌通,320698,301697,250873,6.29,27.83,1347348,953385,41.32,-
4961,天鈺,2051590,1751503,691822,17.13,196.54,7807320,3504705,122.76,本月營收較去年同期增加主係顯示器驅動IC出貨量增加所致
4967,十銓,625146,611842,564922,2.17,10.66,3150337,2653625,18.71,-
4968,立積,588711,614232,407656,-4.15,44.41,2944422,1536859,91.58,因客戶需求增加及產能提升
5285,界霖,525281,566678,352574,-7.3,48.98,2544271,1701466,49.53,-
5471,松翰,519236,547974,484556,-5.24,7.15,2454331,1871231,31.16,-
6202,盛群,555724,523085,478689,6.23,16.09,2543507,1974065,28.84,-
6239,力成,6886318,6671415,6444874,3.22,6.84,31986966,31820593,0.52,-
6243,迅杰,64869,75906,42751,-14.54,51.73,327183,232014,41.01,客戶端需求持續強勁，故公司五月份整體營收呈現成長。
6257,矽格,1408402,1350187,959984,4.31,46.71,6262966,4641342,34.93,-
6271,同欣電,1156121,1112037,686655,3.96,68.36,5409420,3230832,67.43,投資之子公司營收併入
6451,訊芯-KY,419198,416292,338413,0.69,23.87,1908334,1734264,10.03,-
6515,穎崴,217915,185151,307914,17.69,-29.22,949582,1203146,-21.07,-
6525,捷敏-KY,384192,382680,344580,0.39,11.49,1828055,1404475,30.15,-
6531,愛普,515235,518317,217488,-0.59,136.9,2261478,1392090,62.45,"市場需求強勁故營收增加，另去年同期之合併營收已排除停業單位營收，109年5月累計合併營收(含停業單位)為1,595,068仟元。"
6552,易華電,270335,273400,251652,-1.12,7.42,1255515,1066477,17.72,-
6756,威鋒電子,267206,266771,169699,0.16,57.45,1259128,760924,65.47,本期出貨量增加。
8016,矽創,1902983,1765268,763403,7.8,149.27,7710891,4858019,58.72,主係驅動IC出貨量增加及調漲產品售價所致
8028,昇陽半導體,230231,233617,193663,-1.44,18.88,1135590,1023876,10.91,-
8081,致新,802002,769287,534779,4.25,49.96,3755658,2774278,35.37,-
8131,福懋科,821160,840933,790834,-2.35,3.83,4196447,4198119,-0.03,-
8261,富鼎,359958,310696,273014,15.85,31.84,1699409,1059944,60.33,本年較去年同期增加60.33%，係因受惠終端客戶需求強勁使營收大幅增加
8271,宇瞻,759261,784520,506545,-3.21,49.89,3642661,3082070,18.18,-
2301,光寶科,13554054,13642841,13716515,-0.65,-1.18,64914409,60049124,8.1,-
2305,全友,52769,53021,45703,-0.47,15.46,247040,182363,35.46,-
2324,仁寶,80201551,89350327,87650410,-10.23,-8.49,439543412,364002501,20.75,無
2353,宏��,24806745,24949924,20181059,-0.57,22.92,121314219,88783257,36.64,-
2356,英業達,35337345,38194670,46063044,-7.48,-23.28,185380204,184028398,0.73,-
2357,華碩,40995436,39139014,30170871,4.74,35.87,196296132,123664226,58.73,主要係本年受惠於後疫情時代下對筆電的需求大幅增加，及本公司執行品牌金三角策略，推動主要產品市占率增加所致。
2362,藍天,2272324,1858099,2069459,22.29,9.8,9734353,7243373,34.38,-
2365,昆盈,59041,87361,103893,-32.41,-43.17,578184,555475,4.08,-
2376,技嘉,11601877,11047434,7634334,5.01,51.96,51014783,31033302,64.38,"本月營收較去年同期增加,主要係板卡及網通產品銷售成長所致。"
2377,微星,15674299,15077434,10949799,3.95,43.14,78756693,50061597,57.31,營收增加50%以上，係市場需求持續暢旺所致
2380,虹光,284132,286603,78064,-0.86,263.97,1203416,462920,159.96,海外及中國地區銷售增加
2382,廣達,85052076,84836851,93347803,0.25,-8.88,438842539,367009026,19.57,-
2387,精元,2018729,2160395,1647113,-6.55,22.56,9411708,6082735,54.72,因疫情居家辦公及客戶NB新機型導入出貨量增加，連帶鍵盤出貨量增加所致
2395,研華,4487246,4675360,4503341,-4.02,-0.35,22324008,20168534,10.68,-
2397,友通,1149746,692175,655366,66.1,75.43,3850039,3518114,9.43,主係因新增合併子公司Brainstorm Corporation，致使本月營收增幅百分比達50%以上。
2405,浩鑫,151504,134823,119696,12.37,26.57,680492,741772,-8.26,-
2417,圓剛,401732,471004,324480,-14.7,23.8,2151573,1304736,64.9,本年累計營收較去年同期增加主要係因出貨量增加所致。
2424,隴華,1234,1147,1793,7.58,-31.17,7687,8047,-4.47,-
2465,麗臺,1157568,1025636,337208,12.86,243.28,3822560,1542263,147.85,本月及累計較去年同期分別成長243.28%及147.85%；主系大陸市場之人工智能行業應用對 RTX QUADRO、Geforce及DGX A100的需求增加。
3002,歐格,36508,51419,73993,-28.99,-50.66,221463,289793,-23.57,受疫情影響，客戶下單減少
3005,神基,2434671,2963080,2586704,-17.83,-5.87,12640779,10768041,17.39,-
3013,晟銘電,371442,317611,529442,16.94,-29.84,1748089,2524057,-30.74,-
3017,奇鋐,4550590,4484334,4302681,1.47,5.76,19633720,16008578,22.64,-
3022,威強電,503746,513413,579592,-1.88,-13.08,2443751,2057881,18.75,-
3046,建��,179492,185911,86610,-3.45,107.24,850272,525923,61.67,110年5月份及本年度1~5月累計營收較去年同期增加原因，主係去年因國際客觀情勢及疫情影響，致當年度營收較低。
3060,銘異,319548,272735,300809,17.16,6.22,1462806,1652938,-11.5,-
3231,緯創,60974386,68220509,75316883,-10.62,-19.04,306334061,315876925,-3.02,-
3416,融程電,253229,173082,118218,46.3,114.2,1011009,590323,71.26,出貨增加
3701,大眾控,790309,783043,545612,0.92,44.84,3757445,2444785,53.69,主要客戶訂單增加
3706,神達,3382731,4136027,3692532,-18.21,-8.38,18946278,15128694,25.23,-
3712,永崴投控,526005,495242,541959,6.21,-2.94,3254362,2675139,21.65,-
6206,飛捷,379877,405638,306058,-6.35,24.11,1700500,1875196,-9.31,-
6235,華孚,230958,209501,120591,10.24,91.52,1077388,697400,54.48,主要係因去年同期及去年累計受新型冠狀病毒影響造成低基期所致。
6277,宏正,408314,399492,339910,2.2,20.12,2039222,1855365,9.9,-
6414,樺漢,7432676,7016323,5770649,5.93,28.8,34548079,29623012,16.62,-
6579,研揚,409278,379459,533320,7.85,-23.25,2055292,2417178,-14.97,-
6591,動力-KY,170027,186556,107944,-8.86,57.51,826711,493797,67.41,5月營收較去年同期成長，主要係接單量增加所致。
6669,緯穎,16411547,16616629,16461603,-1.23,-0.3,72314818,64806894,11.58,-
8114,振樺電,686233,662960,626753,3.51,9.49,3322001,3073089,8.09,-
8163,達方,2414125,2525742,1955109,-4.41,23.47,10939815,7878516,38.85,-
8210,勤誠,735229,760631,764882,-3.33,-3.87,3314787,2866107,15.65,-
9912,偉聯,50426,58831,36578,-14.28,37.85,240374,187279,28.35,-
2374,佳能,226347,258395,220985,-12.4,2.42,1100501,1228208,-10.39,-
2393,億光,2275834,2066504,1925532,10.12,18.19,10228911,8378557,22.08,-
2406,國碩,637566,706188,595517,-9.71,7.06,3591940,3271981,9.77,-
2409,友達,32117581,29600923,21729311,8.5,47.8,144659123,95583057,51.34,本期營收較去年同期增加主要係市場價格上漲及出貨量增加所致。
2426,鼎元,282599,279978,214568,0.93,31.7,1322011,929070,42.29,-
2486,一詮,512274,490178,328380,4.5,56.0,2315377,1507664,53.57,本公司因新產品應用持續開發及出貨，使營業收入已逐月成長。
2489,瑞軒,1349662,1462046,1465982,-7.68,-7.93,7319190,5485624,33.42,-
3008,大立光,3358902,3398663,3858718,-1.16,-12.95,18571710,21728736,-14.52,-
3019,亞光,1667912,1668547,1219743,-0.03,36.74,8064883,5337902,51.08,本月營收較去年同期增加，主要係因客戶需求上升。
3031,佰鴻,130377,163942,119385,-20.47,9.2,630547,505834,24.65,-
3038,全台,343205,337156,396728,1.79,-13.49,1625123,1498351,8.46,-
3049,和鑫,315331,269209,227982,17.13,38.31,1530245,1338275,14.34,-
3149,正達,195458,192395,242999,1.59,-19.56,1012270,863108,17.28,-
3356,奇偶,108967,107173,68252,1.67,59.65,480271,472552,1.63,經銷商回補庫存
3406,玉晶光,732198,674298,1025976,8.58,-28.63,3967451,4658978,-14.84,-
3437,榮創,328161,331030,454864,-0.86,-27.85,2197859,1980140,10.99,-
3454,晶睿,521196,468894,464504,11.15,12.2,2271362,2507281,-9.4,-
3481,群創,31376527,30345891,22042654,3.39,42.34,145561114,93091062,56.36,本期營收較去年同期增加，主要係市場價格上漲及出貨量增加所致。
3504,揚明光,362077,377244,371827,-4.02,-2.62,1773837,1405664,26.19,-
3535,晶彩科,64534,86784,90686,-25.63,-28.83,650117,477634,36.11,-
3563,牧德,238709,230980,224098,3.34,6.51,1158514,1166164,-0.65,-
3576,聯合再生,1276391,1015150,1208200,25.73,5.64,5296509,5044384,4.99,-
3591,艾笛森,195018,203476,141062,-4.15,38.24,940041,826852,13.68,-
3622,洋華,106290,125232,85727,-15.12,23.98,568751,240286,136.69,本年增加原因：係因光電非消費性產品出貨增加所致。
3673,TPK-KY,8312888,9177309,8178186,-9.41,1.64,46675707,47386661,-1.5,-
3714,富采,3170196,2911948,0,8.86,,12961003,0,,富采於110/1/6公司始設立
4934,太極,162379,210900,183299,-23.0,-11.41,787073,874423,-9.98,-
4935,茂林-KY,856320,969095,942827,-11.63,-9.17,4495947,3244260,38.58,-
4942,嘉彰,724299,708641,622754,2.2,16.3,3438715,2534421,35.68,-
4956,光鋐,144604,150737,98603,-4.06,46.65,733344,457515,60.28,係因去年度受疫情影響所致
4976,佳凌,147153,142861,70568,3.0,108.52,766689,355357,115.75,本月營收較去年同期增加主要係因客戶需求增加所致
5234,達興材料,366796,365522,360026,0.34,1.88,1806927,1838477,-1.71,-
5243,乙盛-KY,805256,1079163,554901,-25.38,45.11,4561458,3066580,48.74,-
6116,彩晶,2814670,2750339,1262079,2.33,123.01,13452651,5696028,136.17,主要為面板價格較去年同期上漲所致。
6120,達運,1598966,1618373,1112444,-1.19,43.73,7853423,4754997,65.16,主要係業務量增加。
6131,鈞泰,4700,3545,2097,32.58,124.12,22244,-5678,491.75,係本期批發商品銷售金額增加所致
6164,華興,81169,76054,65179,6.72,24.53,381021,338035,12.71,-
6168,宏齊,268661,272549,172650,-1.42,55.61,1222635,970536,25.97,主係現有產品推廣及新產品發酵
6176,瑞儀,4478330,4924942,4979077,-9.06,-10.05,23470857,18651858,25.83,-
6209,今國光,295331,273106,200924,8.13,46.98,1391230,1013918,37.21,-
6225,天瀚,1069,1042,2499,2.59,-57.22,5884,4772,23.3,數位影像產品出貨量減少所致
6226,光鼎,83454,81608,75025,2.26,11.23,372207,316435,17.62,-
6278,台表科,5297090,4945016,3115601,7.11,70.01,21753870,14652679,48.46,本月營收較去年同期增加70.02%，主要是去年疫情影響，各客戶出貨減少，今年因疫情較緩和，各客戶出貨增加所致。
6289,華上,5401,5354,5877,0.87,-8.09,31924,28394,12.43,-
6405,悅城,46275,44178,43458,4.74,6.48,188393,172761,9.04,-
6443,元晶,484116,454450,405296,6.52,19.44,2075398,1814521,14.37,-
6456,GIS-KY,12569272,10667734,11552731,17.82,8.79,48443813,44707864,8.35,-
8104,錸寶,149128,154408,141586,-3.41,5.32,757654,566375,33.77,-
8105,凌巨,912922,895224,589292,1.97,54.91,4002880,2748291,45.64,因去年受疫情影響，導致去年與今年同期比較，差異超過50%
8215,明基材,1468949,1369750,1242122,7.24,18.26,6914982,5910318,16.99,-
2314,台揚,316202,310826,395492,1.72,-20.04,1628289,1621526,0.41,-
2345,智邦,4911263,4624529,3763609,6.2,30.49,22734171,19559850,16.22,-
2419,仲琦,884752,749862,917782,17.98,-3.59,4454857,2932318,51.92,配合客戶需求出貨量增加
2439,美律,2744608,2830459,2166735,-3.03,26.67,13310117,9425985,41.2,-
2444,兆勁,141790,103635,125164,36.81,13.28,689757,592872,16.34,-
2450,神腦,2229644,2205259,2103095,1.1,6.01,11978687,10642676,12.55,-
2455,全新,288522,288878,193321,-0.12,49.24,1466617,1040037,41.01,-
2485,兆赫,419972,521919,684400,-19.53,-38.63,2345289,2875493,-18.43,-
2498,宏達電,305094,380022,396975,-19.71,-23.14,1860203,2023891,-8.08,-
3025,星通,35167,32117,14652,9.49,140.01,189039,178922,5.65,國內需求增加
3027,盛達,68049,85926,67157,-20.8,1.32,354685,307994,15.15,-
3047,訊舟,405795,434633,542543,-6.63,-25.2,2059129,2250102,-8.48,-
3311,閎暉,133610,151712,101331,-11.93,31.85,755987,624613,21.03,-
3380,明泰,2687151,2143116,2651164,25.38,1.35,12023554,9737812,23.47,-
3596,智易,3084177,3278819,2449732,-5.93,25.89,15987811,12471610,28.19,-
3669,圓展,306181,356337,168928,-14.07,81.24,1660761,853915,94.48,本月較去年同期增加主要係因出貨量增加所致。
4906,正文,2252259,2107273,1812071,6.88,24.29,9599815,6361528,50.9,新客戶、新產品帶動營收成長
4977,眾達-KY,251628,240140,277329,4.78,-9.26,1236795,1183589,4.49,-
5388,中磊,3127606,3268553,3053975,-4.31,2.41,15994030,12419108,28.78,-
6152,百一,294859,277482,225791,6.26,30.58,1250245,801786,55.93,主要係因客戶需求增加
6285,啟��,5280326,5137151,4869905,2.78,8.42,25761064,23147225,11.29,-
6416,瑞祺電通,385523,300463,450801,28.3,-14.48,1927064,2144317,-10.13,-
6426,統新,45997,51629,62787,-10.9,-26.74,226659,285633,-20.64,-
6442,光聖,254075,243139,184530,4.49,37.68,1187035,961410,23.46,-
6674,鋐寶科技,246154,237623,198055,3.59,24.28,1241063,924852,34.19,-
8011,台通,143876,113634,149978,26.61,-4.06,598707,615076,-2.66,-
1582,信錦,825639,873364,866086,-5.46,-4.67,3991744,3593432,11.08,-
2059,川湖,506542,508572,425418,-0.39,19.06,2291875,1956816,17.12,-
2308,台達電,26126461,26438926,23584220,-1.18,10.77,125050670,102560102,21.92,-
2313,華通,4055147,4520054,4373283,-10.28,-7.27,21982903,21093362,4.21,-
2327,國巨,9201889,9017470,4485885,2.04,105.12,41963462,18946937,121.47,與去年同期比較營收增加，主要是因終端市場的強勁需求所致。
2328,廣宇,1687851,1644004,1614176,2.66,4.56,8116422,8089768,0.32,-
2367,燿華,925657,1027439,681631,-9.9,35.8,5364688,5089903,5.39,-
2368,金像電,2222799,2128600,2145345,4.42,3.61,10136280,9440533,7.36,-
2375,凱美,705923,695096,359305,1.55,96.46,3117564,1659835,87.82,2021年1月底凱美公司因帛漢及旺詮股權轉換案，本年累計營收已排除帛漢並計入旺詮。
2383,台光電,3220597,2951523,2028377,9.11,58.77,14175832,10164388,39.46,去年5月:黃石廠產能30萬張.各廠尚未全能生產及銷售。今年5月:黃石廠產能60萬張.各廠全能生產及銷售;售價調整及產品組合更佳。
2385,群光,8421571,8004716,8190663,5.2,2.81,41563334,35192306,18.1,-
2392,正崴,5732272,6391299,6546772,-10.31,-12.44,31997733,29805669,7.35,-
2402,毅嘉,559379,543979,301665,2.83,85.43,2714964,1855789,46.29,主要是去年同期因新冠肺炎疫情以至於基期較低所影響
2413,環科,306940,325289,266614,-5.64,15.12,1721182,1356814,26.85,-
2415,錩新,241440,249181,74685,-3.1,223.27,1118344,753739,48.37,去年同期受新冠肺炎疫情影響，營收大幅減少。
2428,興勤,674374,629181,521921,7.18,29.2,3061700,2124449,44.11,-
2440,太空梭,407547,410043,220803,-0.6,84.57,1837442,978251,87.82,主係2021年銅價較2020年同期上揚致本期營收增幅較大。
2456,奇力新,1563911,1623774,1472979,-3.68,6.17,7550404,6666964,13.25,2021年1月底奇力新公司因旺詮及帛漢股權轉換案，累計營收已排除旺詮並計入帛漢。
2457,飛宏,856025,995845,819062,-14.04,4.51,4394359,3163184,38.92,-
2460,建通,434203,424145,286206,2.37,51.7,1791211,1079234,65.97,係因2020年受新冠疫情之影響，營收大幅減少。
2467,志聖,445171,609269,268926,-26.93,65.53,2438138,1329514,83.38,2020年初受疫情影響，出貨遞減，營收下滑，2020下半年客戶需求提升，致使近期營收較去年同期增加。
2472,立隆電,809883,815338,705231,-0.66,14.83,3750399,2956517,26.85,-
2476,鉅祥,526903,542646,364455,-2.9,44.57,2444298,1821883,34.16,-
2478,大毅,553028,537860,496808,2.82,11.31,2690379,2066908,30.16,-
2483,百容,166315,172975,152126,-3.85,9.32,812391,707159,14.88,-
2484,希華,275095,273894,198567,0.43,38.54,1278597,945858,35.17,-
2492,華新科,3973519,3948602,2880415,0.63,37.94,18384712,11975622,53.51,五月雲端､遊戲及居家辦公設備需求持續強勁，唯因時值長假期間工作天數減少影響，5月份全球合併淨營收為新台幣 39.7億。
3011,今皓,141452,136785,123110,3.41,14.89,582464,518962,12.23,-
3015,全漢,1400075,1469714,1272962,-4.73,9.98,6818360,5089250,33.97,-
3023,信邦,2168308,2157280,1774854,0.51,22.16,10310886,8020205,28.56,-
3026,禾伸堂,1538624,1414997,1223797,8.73,25.72,7360475,5671485,29.78,-
3032,偉訓,751463,701447,674741,7.13,11.37,3949283,3077831,28.31,-
3037,欣興,8025993,7866654,7382381,2.02,8.71,37715825,35259057,6.96,-
3042,晶技,1433200,1592403,843274,-9.99,69.95,6336311,3859930,64.15,與去年同期比較營收增加，主要係因客戶需求出貨增加及子公司重慶眾陽置業有限公司認列開發案收入約NTD2.98億所致。
3044,健鼎,4736185,5147940,4277653,-7.99,10.71,24985178,20148634,24.0,-
3058,立德,399276,391713,378988,1.93,5.35,1804455,1580014,14.2,-
3090,日電貿,899449,994536,781491,-9.56,15.09,4669077,3779721,23.52,-
3092,鴻碩,213297,234424,264529,-9.01,-19.36,1115423,1143947,-2.49,-
3308,聯德,34112,28295,27478,20.55,24.14,126511,127601,-0.85,-
3321,同泰,197128,191963,162248,2.69,21.49,913581,725432,25.93,-
3338,泰碩,398221,408089,530480,-2.41,-24.93,1945792,2143951,-9.24,-
3376,新日興,919225,1115878,1270574,-17.62,-27.65,5178053,5142480,0.69,-
3432,台端,4170,4283,2456,-2.63,69.78,17342,11672,48.57,客戶訂單增加
3501,維熹,438464,467263,377060,-6.16,16.28,2088547,1593739,31.04,-
3533,嘉澤,1499418,1752452,1520557,-14.43,-1.39,7980721,6376549,25.15,-
3550,聯穎,444331,435200,284241,2.09,56.32,2000981,1290789,55.01,主係去年因新冠肺炎影響，今年疫情趨緩市場需求逐漸恢復正常所致。
3645,達邁,197892,188632,121968,4.9,62.24,984145,693571,41.89,本月營收較去年同期增加，主係軟板市場需求增加，帶動本公司業績成長。
3653,健策,728596,684674,582934,6.41,24.98,3266927,2873654,13.68,-
3679,新至陞,413468,402258,325881,2.78,26.87,2220017,1359409,63.3,1~5月累計營收較去年同期增加，因客戶需求增加所致。
4912,聯德控股-KY,445076,700460,325507,-36.45,36.73,2849242,1624093,75.43,去年因新冠狀病毒疫情、全球經濟停滞及工廠停工外；今年客戶拉貨力道強，春節期間仍有趕工加班出貨，導致兩期差異較大。
4915,致伸,5106162,6066898,5192517,-15.83,-1.66,28332447,25228795,12.3,-
4927,泰鼎-KY,1126261,1269671,964629,-11.29,16.75,5656787,4583145,23.42,5月份自結數
4943,康控-KY,200812,206896,301815,-2.94,-33.46,1149636,1546005,-25.63,-
4958,臻鼎-KY,9932908,9548950,8094909,4.02,22.7,46656294,35395862,31.81,-
4989,榮科,413656,349409,179946,18.38,129.87,1727088,1168595,47.79,主係銅價上漲，造成營收增加，故較去年同期增加。
4999,鑫禾,250316,277885,265828,-9.92,-5.83,1265296,901967,40.28,-
5469,瀚宇博,4520163,4415883,3858839,2.36,17.13,21278842,16375314,29.94,無
6115,鎰勝,607770,645127,528915,-5.79,14.9,2944625,2166606,35.9,-
6133,金橋,88991,78408,104197,13.49,-14.59,372152,315543,17.94,-
6153,嘉聯益,930165,1174552,1269773,-20.8,-26.74,6066493,5397792,12.38,-
6155,鈞寶,65467,67873,54879,-3.54,19.29,312123,241963,28.99,-
6191,精成科,2292371,2258426,1810681,1.5,26.6,11041336,8154725,35.39,-
6197,佳必琪,280766,325703,287624,-13.79,-2.38,1445427,1251508,15.49,-
6205,詮欣,141918,138887,147235,2.18,-3.61,616655,552406,11.63,-
6213,聯茂,2670958,2689223,2510213,-0.67,6.4,12753807,10557307,20.8,-
6251,定穎,1422999,1223141,864377,16.33,64.62,6202456,4831579,28.37,因去年同期新冠疫情蔓延至歐美，部分客戶停工，營收驟減；下半年開始產能陸續開出，客戶需求暢旺，產線維持滿載。
6269,台郡,2399182,2391592,2240528,0.31,7.08,11921221,9055349,31.64,-
6282,康舒,1685568,1633322,1565616,3.19,7.66,8177107,8306410,-1.55,-
6412,群電,3270273,3162400,2945881,3.41,11.01,16414842,12876426,27.47,-
6449,鈺邦,242363,232095,203285,4.42,19.22,1129145,806773,39.95,-
6672,騰輝電子-KY,694575,668475,360076,3.9,92.89,2972750,2143359,38.69,去年受疫情影響，銷售下滑，而今年市場需求延續，高單價特殊材料，尤其以車用電子以及照明散熱材料動能強勁
6715,嘉基,106318,216759,300151,-50.95,-64.57,886639,945921,-6.26,主係客戶端之產品缺料狀況嚴重，導致大幅度減少對嘉基產品之進貨
6781,AES-KY,902588,938269,245783,-3.8,267.22,4530507,1729154,162.0,去年同期受新冠肺炎影響
8039,台虹,753076,745170,603555,1.06,24.77,3700721,2946566,25.59,自結數尚未經會計師簽證，特此說明。
8046,南電,4099461,4139307,2922882,-0.96,40.25,19094587,13777149,38.59,-
8103,瀚荃,324244,331236,293544,-2.11,10.45,1542275,1214846,26.95,係本公司自結合併營收
2347,聯強,31570759,31828300,24038877,-0.8,31.33,149972000,115842510,29.46,本月營收係當月自結數，前期調整數反應在本年累計營收內
2430,燦坤,2275140,1694800,1614895,34.24,40.88,9216174,7576248,21.64,-
3010,華立,5437199,5588007,4513772,-2.69,20.45,27308746,22137979,23.35,-
3033,威健,6330755,6531297,4470599,-3.07,41.6,28685198,20980158,36.72,-
3036,文曄,33061931,35794148,23084468,-7.63,43.22,166502457,128439537,29.63,-
3048,益登,7553863,7970218,7163048,-5.22,5.45,40078558,36756818,9.03,-
3055,蔚華科,330740,281608,221875,17.44,49.06,1692558,1051079,61.03,累計營收:半導體859M、快銷品834M。本年累計快消品增加617M、半導體設備增加224M、驗證服務減少200M、二手設備減少14M。
3209,全科,3772043,4528328,3135749,-16.7,20.29,19898390,16338000,21.79,-
3312,弘憶股,1406392,1520228,1015619,-7.48,38.47,7022395,5145263,36.48,-
3702,大聯大,66085397,66372523,46709026,-0.43,41.48,309571939,233507741,32.57,-
5434,崇越,3137696,3755934,2861080,-16.46,9.66,16426519,15061684,9.06,-
6189,豐藝,2736678,2702551,1956138,1.26,39.9,13283761,10180969,30.47,-
6281,全國電,2300211,1673879,2017416,37.41,14.01,8483241,7770069,9.17,-
6776,展�眥篕�,1614989,1248155,1183626,29.39,36.44,6928604,6658592,4.05,-
8070,長華*,1564982,1594942,1383335,-1.87,13.13,7754538,6560285,18.2,-
8072,陞泰,109913,121805,71842,-9.76,52.99,556397,316589,75.74,子公司半導體代理銷售增加
8112,至上,16856004,16199282,9928037,4.05,69.78,83423461,51229216,62.84,整體半導體零組件市況持續暢旺，原廠產能吃緊帶動價格漲，下游伺服器等客戶需求增加帶動，使本期營收成長。
2427,三商電,239904,272306,161818,-11.89,48.25,1195964,876017,36.52,-
2468,華經,161987,226481,157256,-28.47,3.0,923067,857052,7.7,-
3029,零壹,847155,919411,924526,-7.85,-8.36,4662055,4183742,11.43,-
4994,傳奇,243547,235398,294433,3.46,-17.28,1221889,1322212,-7.58,-
5203,訊連,123230,168132,131135,-26.7,-6.02,667753,634626,5.21,-
6112,聚碩,847534,867210,1267883,-2.26,-33.15,4708079,5983304,-21.31,"Corex(PTY)LTD 110/1/4成為100%子公司，共同控制企業合併重編去年合併營收。本月較去年5月不含Corex減少346,445千元，減少29.02%"
6183,關貿,177228,148008,130372,19.74,35.94,863525,651917,32.45,-
6214,精誠,1998491,2213247,1659224,-9.7,20.44,11562525,9357862,23.55,-
2317,鴻海,455034482,500490784,386980506,-9.08,17.58,2298853763,1697585769,35.41,-
2354,鴻準,8264764,6833936,6425886,20.93,28.61,35222701,24845377,41.76,-
2359,所羅門,346509,330294,301077,4.9,15.08,1634376,1366092,19.63,-
2360,致茂,1382221,1461163,1307654,-5.4,5.7,7116662,5837910,21.9,-
2390,云辰,44599,72128,45625,-38.16,-2.24,255400,224406,13.81,-
2423,固緯,175212,206478,148358,-15.14,18.1,964532,862819,11.78,-
2459,敦吉,601991,593108,419422,1.49,43.52,2711346,2293778,18.2,-
2464,盟立,764535,768132,691736,-0.46,10.52,3817979,3472110,9.96,-
2477,美隆電,310626,286328,204180,8.48,52.13,1320739,984408,34.16,109年大陸廠因受COVID-19 影響產能大減
2495,普安,103888,95003,95399,9.35,8.89,443899,434873,2.07,-
3030,德律,471836,562339,504503,-16.09,-6.47,2381947,2147599,10.91,-
3305,昇貿,662588,533035,419009,24.3,58.13,2909152,1790459,62.48,因出貨量成長及金屬價格上揚
3518,柏騰,77754,85842,68269,-9.42,13.89,354687,231273,53.36,本年營收較去年同期增加主要係因為客戶需求增加所致。
3617,碩天,668160,765507,603405,-12.71,10.73,3704564,3089734,19.89,-
3665,貿聯-KY,2316528,2317157,1720993,-0.02,34.6,10767934,8457900,27.31,-
5225,東科-KY,792872,928770,536607,-14.63,47.75,3630170,2426572,49.6,-
6196,帆宣,2711949,2553798,1810475,6.19,49.79,11834328,9279534,27.53,-
6201,亞弘電,278877,294314,225132,-5.24,23.87,1604669,1027115,56.23,訂單增加
6215,和椿,166012,165552,132338,0.27,25.44,755724,660848,14.35,-
6409,旭隼,1333536,1376331,1294329,-3.1,3.02,6172449,5117630,20.61,-
6438,迅得,380486,349823,297878,8.76,27.73,1757219,1245263,41.11,-
6558,興能高,144248,162240,139636,-11.08,3.3,791044,507919,55.74,主要係去年基期較低
6698,旭暉應材,61195,60824,28268,0.6,116.48,296396,204942,44.62,本月營收較去年同期增加，係新增銷售微波及半導體零件產品所致
8021,尖點,302571,298959,245857,1.2,23.06,1381192,1078872,28.02,-
8499,鼎炫-KY,215202,207197,201253,3.86,6.93,1006270,734091,37.07,"以人民幣計,本月自結合併營收淨額為49,582千元,月增3.73%,年增4.43%;累計1-5月合併營收淨額約為230,790千元,年增34.66%"
2616,山隆,1596064,1538012,1145008,3.77,39.39,7483753,6429813,16.39,-
6505,台塑化,52926645,46553948,25685582,13.68,106.05,229780259,185369787,23.95,本月營收較去年同期增加50%以上，主係成品油及石化產品價格較去年同期上揚，致營業額增加。
8926,台汽電,491758,574267,791496,-14.36,-37.86,3060787,4049081,-24.4,-
9918,欣天然,140543,169418,167009,-17.04,-15.84,909917,1067062,-14.72,-
9926,新海,168630,188442,185176,-10.51,-8.93,974880,1089111,-10.48,-
9937,全國,1589277,1769828,1256609,-10.2,26.47,8399405,7343438,14.37,-
1316,上曜,135104,110280,103425,22.5,30.62,463338,498901,-7.12,-
1436,華友聯,545143,387958,30993,40.51,1658.92,1352435,450215,200.39,本月及累計營收增加，係當月交屋數增加所致
1438,三地開發,1,14,7,-92.85,-85.71,422,84589,-99.5,"110年累計銷售商品及土地422仟元,109年累計銷售商品及房地84,589仟元,故營收變化大。"
1442,名軒,347697,56129,38438,519.46,804.56,769901,220110,249.78,本月認收38戶，去年同期認收2戶；本年累計認收70戶，去年累計認收16戶，故兩期差異大。
1453,大將,38,38,25630,0.0,-99.85,16134,46179,-65.06,"本年營收較去年減少,係因去年出售待售房地金額較大所致"
1456,怡華,602756,58290,35923,934.06,1577.91,1204840,219274,449.46,本月認列建設收入較去年本月增加所致
1805,寶徠,3456,46952,4,-92.63,86300.0,57824,121455,-52.39,本月營收較高主要係子公司認列收入，去年累計營收較高係認列康橋旭案收入較本期為高所致。
1808,潤隆,444247,816258,516945,-45.57,-14.06,4586459,1428568,221.05,營收變動主要係本期累計房地出售收入較去年同期增加所致。
2504,國產,1845369,2039703,1459648,-9.52,26.42,8978261,6976663,28.68,-
2505,國揚,511789,1482218,53918,-65.47,849.19,3859388,391033,886.97,"本年度營建收入3,851,822仟元，租賃收入7,566仟元。"
2506,太設,52439,141539,53366,-62.95,-1.73,1248046,280662,344.67,因本年建案完工交屋
2509,全坤建,60091,94154,43800,-36.17,37.19,525407,397561,32.15,-
2511,太子,959566,954929,730797,0.48,31.3,5143288,4101467,25.4,-
2515,中工,1328492,1331837,1114376,-0.25,19.21,6503025,5082091,27.95,-
2524,京城,565134,562885,700739,0.39,-19.35,2592252,3288851,-21.18,-
2527,宏璟,389718,503674,142554,-22.62,173.38,2601712,967250,168.98,"本月及本年累計營收較去年高,主要係因本月及本年房地銷售收入較高所致"
2528,皇普,258486,138013,21,87.29,1230785.71,983209,105,936289.52,"主係110年5月皇普文苑建案認列258,465仟元收入及認列租賃收入21仟元所致。"
2535,達欣工,1624893,1176113,3233435,38.15,-49.74,5877104,6291845,-6.59,-
2536,宏普,14059,25104,359679,-43.99,-96.09,212116,1929874,-89.0,"今年本期只有租賃收入,因此營收較少"
2537,聯上發,114,114,449166,0.0,-99.97,3531,1367043,-99.74,本月營收為租金收入。
2538,基泰,22545,15527,11735,45.19,92.11,118034,122629,-3.74,本月其他營業收入較去年同期增加
2539,櫻花建,191,263,12159,-27.37,-98.42,166552,1405905,-88.15,無異常。本月僅有租賃收入，無建案交屋入帳，致本期營收較去年同期減少。
2542,興富發,3288228,3850224,989585,-14.59,232.28,15802091,8902479,77.5,本期較去年增加，主要係本期認列「光武段」、「柏克萊公園」及「永翠段」等建案完工並完成產權移轉所致。
2545,皇翔,400227,1131071,221152,-64.61,80.97,2653278,1528119,73.63,因今年累計成屋銷售情形較去年同期佳所致
2548,華固,370097,1110724,1625654,-66.67,-77.23,2631104,5268821,-50.06,本公司截至5月底累計營收較去年同期減少，係因本期認列交屋金額較低所致。
2597,潤弘,1848778,1897598,1002291,-2.57,84.45,8373802,4656339,79.83,主係業務正於大量施工階段，以致營收較去年同期增加。
3056,總太,9613,7981,14401,20.44,-33.24,3585620,1605211,123.37,本年營收增加係因個案總太2020完工交屋所致。
5519,隆大,137350,1038694,157084,-86.77,-12.56,1756464,858680,104.55,本年累計增加主要係自建案J49案完工過戶認列房地銷售收入較多所致。
5522,遠雄,1668953,1609581,1206228,3.68,38.36,7251568,8865125,-18.2,-
5525,順天,45381,64202,83912,-29.31,-45.91,246399,510857,-51.76,本月份母公司主要營收為租賃收入
5533,皇鼎,186049,373020,1251228,-50.12,-85.13,1260664,1556859,-19.02,本月營收較去年同期減少達50%以上，係兩期個案營收組成因子不同。
6177,達麗,1636153,13189,100971,12305.43,1520.41,1665654,1690696,-1.48,本月較去年同期增加，主要差異係本月有新完工個案過戶交屋所致。
9946,三發地產,73576,110783,182266,-33.58,-59.63,330408,847729,-61.02,"本年累計營收較去年累計減少約51,732萬，係因去年有大量交屋認列營收。"
2208,台船,2124861,1111284,2640579,91.2,-19.53,7764301,9970939,-22.13,-
2603,長榮,34442080,27749820,14038231,24.11,145.34,152144960,71681689,112.25,整體運價上漲，導致收入增加。
2605,新興,312569,255934,391940,22.12,-20.25,1356006,1859127,-27.06,-
2606,裕民,1054535,1137489,484641,-7.29,117.59,4654539,2923509,59.21,"110年度5月份波羅的海指數較去年同期增加506.34%,致營業收入增加。"
2608,嘉里大榮,1126267,990238,950354,13.73,18.51,5185127,4868853,6.49,-
2612,中航,264202,257405,249481,2.64,5.9,1316996,1309890,0.54,-
2617,台航,278735,265617,186692,4.93,49.3,1198910,1015156,18.1,-
2630,亞航,355130,314414,405751,12.94,-12.47,1568894,1525932,2.81,-
2633,台灣高鐵,1901903,3798528,2468406,-49.93,-22.95,15567793,14102772,10.38,受疫情影響，運量減少所致。
2634,漢翔,1865039,1964748,1480799,-5.07,25.94,8488227,8451516,0.43,-
2636,台驊投控,2660891,2061018,1461760,29.1,82.03,10614703,5244712,102.38,貨量與運價雙漲
2637,慧洋-KY,1458428,1382114,920693,5.52,58.4,6378821,4611796,38.31,主係去年因BDI指數下跌及COVID-19疫情影響而使營業收入大幅減少，今年因航運需求回溫，營收已漸回穩所致。
2642,宅配通,386709,321269,326242,20.36,18.53,1756283,1595097,10.1,-
5607,遠雄港,187437,187434,159672,0.0,17.38,913510,739679,23.5,-
5608,四維航,440341,342210,196838,28.67,123.7,1581308,1035712,52.67,因整體運價上漲，致營收增加。
8367,建新國際,163873,172599,166478,-5.05,-1.56,826457,801820,3.07,-
2701,萬企,17139,27661,14864,-38.03,15.3,115186,104568,10.15,-
2706,第一店,20506,23284,16824,-11.93,21.88,113279,108500,4.4,-
2712,遠雄來,18940,40586,33731,-53.33,-43.84,190789,147753,29.12,-
2722,夏都,34397,63313,42556,-45.67,-19.17,270045,215565,25.27,-
2731,雄獅,131652,235259,63821,-44.03,106.28,922132,4614513,-80.01,因新型冠狀病毒肺炎疫情影響團體旅遊
8462,柏文,154699,323840,275007,-52.22,-43.74,1389757,1409948,-1.43,-
8940,新天地,35016,67212,26999,-47.9,29.69,382885,388821,-1.52,-
2801,彰銀,2305875,2120784,2289751,8.72,0.7,11321613,12235329,-7.46,-
2809,京城銀,888297,906968,617623,-2.05,43.82,4531641,2788264,62.52,主係上期因受新冠肺炎疫情影響，以致金融資產處分損益及減損損失分別較本期減少及增加。
2816,旺旺保,524151,890448,694092,-41.13,-24.48,3649591,3154163,15.7,-
2820,華票,216282,251972,205111,-14.16,5.44,1259912,966256,30.39,-
2823,中壽,24847150,21246449,19635241,16.94,26.54,124817956,111429469,12.01,-
2834,臺企銀,2006889,1864444,1642508,7.64,22.18,9509685,8875729,7.14,-
2836,高雄銀,306256,328407,286424,-6.74,6.92,1755428,1563824,12.25,-
2849,安泰銀,529628,515700,520879,2.7,1.67,2421827,2498219,-3.05,-
2851,中再保,1674432,1562946,1565681,7.13,6.94,8665264,7303102,18.65,-
2852,第一保,457653,574636,492656,-20.35,-7.1,2585857,2216112,16.68,-
2880,華南金,3878645,4243157,3475373,-8.59,11.6,20526920,13296721,54.37,去年營業收入大幅下降，主要係因認列子公司華南永昌證券權證大額損失，而本年無所致。
2884,玉山金,4560660,5041653,5074401,-9.54,-10.12,23294159,24004655,-2.95,-
2886,兆豐金,3261812,5860327,6237578,-44.34,-47.7,23711710,24055400,-1.42,-
2887,台新金,3305515,4090025,3726091,-19.18,-11.28,19430989,17670691,9.96,-
2889,國票金,446455,867174,704112,-48.51,-36.59,4216404,2949496,42.95,-
2891,中信金,11313211,12323459,14109423,-8.19,-19.81,71224908,95687764,-25.56,-
2892,第一金,4809664,5456973,4624081,-11.86,4.01,26209684,23631675,10.9,-
5876,上海商銀,2905287,2951440,2976473,-1.56,-2.39,16020927,15896825,0.78,-
5880,合庫金,4301933,4612615,3899595,-6.73,10.31,21864630,19545569,11.86,-
6005,群益證,898584,1130686,881204,-20.52,1.97,5204305,2357764,120.73,自營本月產生虧損所致
6024,群益期,236325,201041,172774,17.55,36.78,1080344,1004135,7.58,-
2901,欣欣,5276,8650,8192,-39.0,-35.59,39355,44470,-11.5,-
2908,特力,3130135,3461563,3650726,-9.57,-14.25,18168294,16094808,12.88,-
2910,統領,30910,35169,36075,-12.11,-14.31,270547,191486,41.28,-
2913,農林,30918,34433,24625,-10.2,25.55,156709,113253,38.37,-
2929,淘帝-KY,276333,293264,183438,-5.77,50.64,1386838,1302988,6.43,去年受到疫情影響，採取降價策略鼓勵代理商增加提貨，今年價格有所調漲所致。
2936,客思達-KY,798351,835393,791704,-4.43,0.83,3984458,3788327,5.17,-
4807,日成-KY,157309,192489,78374,-18.27,100.71,743385,697547,6.57,5月份為我司產業傳統淡季，在疫情影響下全渠道客戶銷況持續增並提前下單，致我司5月份營收較去年同期大增100.72%。
1435,中福,1184,1290,1308,-8.21,-9.48,5946,6287,-5.42,-
1437,勤益控,52195,44945,43993,16.13,18.64,275789,259959,6.08,-
1443,立益,55089,54808,40786,0.51,35.06,268658,227043,18.32,-
1516,川飛,111248,191365,48195,-41.86,130.82,512058,387128,32.27,本月營收較去年同月營收增加130.83%係因煤礦價格上漲及客戶採購量增加所致
2062,橋椿,759126,763375,466532,-0.55,62.71,3527995,2249870,56.8,110年5月營收較去年同期增加，及本年累計營收較去年累計營收增加，主係客戶需求增加所致。
2348,海悅,328232,423915,213212,-22.57,53.94,1987153,924735,114.88,本月及本年度增減百分比達50％以上，係因個案銷售狀況良好
2358,廷鑫,136839,162805,114760,-15.94,19.23,679628,576436,17.9,-
2443,億麗,11739,10780,30368,8.89,-61.34,175880,220024,-20.06,因公司業務整理中，故營業收入因而產生差異。
2614,東森,458030,450475,339665,1.67,34.84,2151982,1759723,22.29,-
2904,匯僑,41801,44725,47706,-6.53,-12.37,220115,216087,1.86,-
3040,遠見,14210,12623,12006,12.57,18.35,70277,58118,20.92,-
3557,嘉威,355979,394124,299874,-9.67,18.7,2224346,2074949,7.2,-
5284,jpp-KY,106529,108501,106724,-1.81,-0.18,577494,564324,2.33,-
6165,浪凡,218516,198881,87,9.87,251067.81,993651,686,144747.08,本公司100%持有旭瑞文化傳媒股份有限公司，合併基準日為109/08/17，合併後營收大幅提高。
6184,大豐電,163797,163196,166119,0.36,-1.39,821002,827501,-0.78,-
6504,南六,605182,592022,893933,2.22,-32.3,3009292,3253185,-7.49,-
6581,鋼聯,172944,161109,85316,7.34,102.7,639619,516249,23.89,國際鋅價上漲且今年5月出貨數量較去年5月增加。
6592,和潤企業,1485892,1421765,1131379,4.51,31.33,7027296,5747852,22.25,-
6641,基士德-KY,176907,183768,140975,-3.73,25.48,722347,579700,24.6,-
6670,復盛應用,2023755,1948100,849233,3.88,138.3,9798417,5348592,83.19,1.客戶訂單因應市場需求有顯著增加。2.併購民盛公司增加冰上曲棍球鞋、摩托車車靴等產品營收。
6671,三能-KY,176043,173380,168502,1.53,4.47,795213,682876,16.45,-
6754,匯僑設計,330335,330073,254082,0.07,30.01,1414110,1273458,11.04,-
6768,志強-KY,1220243,1497094,1345769,-18.49,-9.32,6423964,6812479,-5.7,-
8033,雷虎,98396,117318,62158,-16.12,58.29,510728,342286,49.21,"因美國疫情影響降低,醫療器材及遙控模型市場需求強勁"
8341,日友,272549,268198,229706,1.62,18.65,1332759,1099455,21.21,-
8404,百和興業-KY,901429,2317094,421773,-61.09,113.72,5676193,3354993,69.18,"109年因受疫情影響,需求受影響致本公司營收減少。伴隨許多國家疫情穩定,訂單回升及部份營建工案認列之收入增加所致。"
8411,福貞-KY,584105,485076,493222,20.41,18.42,2720377,1986687,36.93,-
8422,可寧衛,194161,232095,226073,-16.34,-14.11,1243226,1079260,15.19,-
8466,美吉吉-KY,306571,306167,240549,0.13,27.44,1348132,1110982,21.34,-
8480,泰昇-KY,132946,151422,145039,-12.2,-8.33,732224,793405,-7.71,-
8481,政伸,131544,127366,81671,3.28,61.06,644624,434189,48.46,(一)延續2020年下半年起自行車與運動市場需求激增現象。(二)越南廠建廠後營收逐步顯現。
8488,吉源-KY,343382,293037,157687,17.18,117.76,1339814,827782,61.85,去年因受疫情影響出貨較少，今年大陸地區疫情穩定，出貨恢復正常水準
9802,鈺齊-KY,1208909,966895,1065052,25.03,13.5,5592653,4196171,33.27,-
9902,台火,110739,14413,15229,668.32,627.15,185904,148934,24.82,本月營收較去年同期增加主要係因本月有銷售投標車輛之營收所致
9910,豐泰,6034863,6773686,5338803,-10.9,13.03,32145370,28537921,12.64,合併營收為本公司自結數
9911,櫻花,599347,571511,466323,4.87,28.52,3092212,2487132,24.32,-
9919,康那香,454159,268031,434499,69.44,4.52,1759636,2041443,-13.8,-
9928,中視,59610,63863,63517,-6.65,-6.15,314049,296611,5.87,-
9929,秋雨,44073,47439,46853,-7.09,-5.93,242157,352544,-31.31,-
9930,中聯資源,924494,903766,840498,2.29,9.99,4420393,4136971,6.85,-
9934,成霖,1497688,1802372,1125400,-16.9,33.08,8278623,5856627,41.35,-
9935,慶豐富,342132,445818,493420,-23.25,-30.66,1981625,1740095,13.88,-
9938,百和,1586447,3096417,822994,-48.76,92.76,9355235,6669235,40.27,109年因受疫情影響，需求受影響，致本公司營收減少。伴隨許多國家疫情穩定，訂單回升及部份營建工案認列之收入增加所致。
9941,裕融,2662838,2669688,2432034,-0.25,9.49,12960243,12293795,5.42,-
9942,茂順,324384,329581,243070,-1.57,33.45,1524937,1081586,40.99,-
9944,新麗,264328,267649,194170,-1.24,36.13,1221805,1020958,19.67,-
總計,總計,2009164212,2063107532,1652813272,-2.61,21.56,9811879660,7619112516,28.77,
